<?xml version="1.0" encoding="UTF-8"?>
<!DOCTYPE suite SYSTEM "https://testng.org/testng-1.0.dtd">
<suite name="FreeCRM application test" verbose="7" parallel="methods" thread-count="4" >
<listeners>
<listener class-name="com.crm.qa.listeners.TestListener"/>
<listener class-name="com.crm.qa.listeners.MyTransform"/>
</listeners>
  <test name="End to End testing">
    <classes>
     <class name="com.crm.qa.tests.HomePageTest" />
       <class name="com.crm.qa.tests.ContactsPageTest" />
       <class name="com.crm.qa.tests.LoginPageTest" />
          
    </classes>
  </test> <!-- Test -->
</suite> <!-- Suite -->
